{"noiseKey":{"private":{"type":"Buffer","data":"kBcvJGDd6R48+lJK/EWCRJmjZczVULuNAgcVgRDCrms="},"public":{"type":"Buffer","data":"xXqtZHva6nAyr5+JP6F/00DQten9V0H1wHxM64qwMwI="}},"pairingEphemeralKeyPair":{"private":{"type":"Buffer","data":"YC2GFlIlAlpLxfGHNx810ZND4yZzpX80CNPCFE0opXE="},"public":{"type":"Buffer","data":"rUumA+p/Kylc7SFtmmW8hEgNE0XxEhFGLKhbADqBumQ="}},"signedIdentityKey":{"private":{"type":"Buffer","data":"0FC0ApCZIAJNcctf/c01tfdbvkF8KYHcNZZMh59tSnA="},"public":{"type":"Buffer","data":"q8sPajWqD55nqvW+ZzAkmU2EZZYlAdpwK5BHxua4Hn4="}},"signedPreKey":{"keyPair":{"private":{"type":"Buffer","data":"MFjNFB1nmlYwb5IVlo5lEOBkLj0mRhdalq6/eyvMkFA="},"public":{"type":"Buffer","data":"E6fZ1qR/FVhY4H3WYrP1amAs4Xx3oNJWah9Z+WfRNWc="}},"signature":{"type":"Buffer","data":"EUdS0JfWPW6brv/kmPfRJpBTts46G1iXFJwhjHrtODhpagnCKZeMMKbKc0hOpTohmdJZKbnUDJBlbwN5UdgeDA=="},"keyId":1},"registrationId":220,"advSecretKey":"yclslueLVUPk2RsBc3ZTIK6rQvYhSyRLbGT9EWyvpck=","processedHistoryMessages":[],"nextPreKeyId":31,"firstUnuploadedPreKeyId":31,"accountSyncCounter":0,"accountSettings":{"unarchiveChats":false},"deviceId":"DlVRPn3jRBuFD8AmU5dAqg","phoneId":"14958b09-700f-4fb9-81a8-b88a5622dcb7","identityId":{"type":"Buffer","data":"8ctRuixHkIYjZ/X+7eLMO1LOvzQ="},"registered":true,"backupToken":{"type":"Buffer","data":"4QchhTL+XvSp4htHOQpWICrPMlA="},"registration":{},"pairingCode":"AYL814KE","me":{"id":"923135812027:31@s.whatsapp.net","name":"༽   ᏗᏒᏰᏗᏰ ༼ \nㅤ\nᚖᚔᚖ\nㅤ\nᚖᚔᚖ\nㅤ\nᚖᚔᚖ\nㅤ\nᚖᚔᚖ\nㅤ\nᚖᚔᚖ\nㅤ\nᚖᚔᚖ\nㅤ\nᚖᚔᚖ\nㅤ\nᚖᚔᚖ\nㅤ\nᚖᚔᚖ\nㅤ\nᚖᚔᚖ\nㅤ","lid":"107881475104792:31@lid"},"account":{"details":"CLHKv6QEEODdzLUGGAEgACgA","accountSignatureKey":"QSE9Qj/uauT3OYTtPciIbRvgqMJjyClODBf6XDwg/Qw=","accountSignature":"TU+P8gvxScwkcCb125WZQgeOSzhxD0uLEOysXN7E6S+I0BDF/k7dvdP+H+7OMUnfLahMPQABjK5GCsBkDRN1Bg==","deviceSignature":"rAR2QwfI3LHQDWoOoom6/ts1HWf5VSNN4hTBg+WB1lEMTn2yRmRadQ2O8v6DTHq+0S8bHuXsnL3pEsZpStd5CA=="},"signalIdentities":[{"identifier":{"name":"923135812027:31@s.whatsapp.net","deviceId":0},"identifierKey":{"type":"Buffer","data":"BUEhPUI/7mrk9zmE7T3IiG0b4KjCY8gpTgwX+lw8IP0M"}}],"platform":"smba","lastAccountSyncTimestamp":1723018979}